app_name,developer_info,website_info,app_status,start_date,end_date,app_description,indication_codes,indication_names,price,property_values
CANKADO PRO-React Onco,"CANKADO GmbH, Deutschland",partners.cankado.com/about/,vorläufig aufgenommen,03.05.2021,02.05.2023,"PRO-React Onco ist eine Web- und App-basierte digitale Gesundheitsanwendung zur Unterstützung von Brustkrebspatientinnen und -patienten. Mit PRO-React Onco können Patientinnen und Patienten Ihre Beschwerden eigenständig erfassen. In Abhängigkeit zur Erkrankung und der laufenden Therapie werden automatisiert Verhaltenshinweise gegeben, wie dringend die jeweilige Beschwerde mit dem behandelnden Arzt oder der behandelnden Ärztin besprochen werden muss.",C50,Bösartige Neubildung der Brustdrüse Mamma,399.84,"Keine Zusatzgeräte, Vertragsärztliche Leistungen erforderlich, Verfügbare Sprachen: Deutsch und 13 weitere"
Cara Care für Reizdarm,"HiDoc Technologies GmbH, Deutschland",cara.care/de/about/,vorläufig aufgenommen,26.12.2021,25.11.2023,"Cara Care für Reizdarm ist eine digitale Gesundheitsanwendung zur Therapie des Reizdarmsyndroms. Die Anwendung dient primär zur Symptomreduktion funktioneller gastrointestinaler Beschwerden. Sekundär sollen krankheitsbezogene Lebensqualität und Gesundheitskompetenz gesteigert, Ängstlichkeit und Depressivität gelindert sowie krankheitsbezogene Arbeits- und Aktivitätseinschränkungen verbessert werden.-Diese Wirkungen werden über ein multimodales Selbsthilfekonzept innerhalb der Anwendung erzielt:Personalisierte Inhalte basierend auf leitlinienkonformen Therapieverfahren aus den Bereichen Ernährung (low-FODMAP-Diät) und Psychotherapie (kognitive Verhaltenstherapie sowie Darm-gerichtete Hypnotherapie) bewirken Änderungen von Lebensstil, Kognitionen, Emotionen und Verhalten, die sich positiv auf die bekannten Pathomechanismen des Reizdarmsyndroms auswirken.Im Rahmen einer Mindestnutzungsdauer von 12 Wochen erarbeiten sich die Nutzenden personalisierte Inhalte in Eigenregie. Dies wird durch multimediale und interaktive Inhalte unterstützt. So erhalten die Nutzenden über das Tracking von Symptomen und Lebensstilfaktoren sowie durch die erneute Abfrage von Symptom- und Lebensqualitätsscores Feedback zum Behandlungsfortschritt, erfahren pädagogische Unterstützung durch regelmäßige Abfrage psychoedukativen Wissens oder setzen sich persönliche Ziele innerhalb der Anwendung.-Cara Care für Reizdarm dient zur alleinstehenden Therapie des Reizdarmsyndroms.","K58, K58.1, K58.2, K58.3, K58.8","Reizdarmsyndrom, Reizdarmsyndrom, Diarrhoe-prädominant RDS-D, Reizdarmsyndrom, Obstipations-prädominant RDS-O, Reizdarmsyndrom mit wechselnden (gemischten) Stuhlgewohnheiten RDS-M, Sonstiges und nicht näher bezeichnetes Reizdarmsyndrom",718.20,"Keine Zusatzgeräte, Keine vertragsärztlichen Leistungen erforderlich, Verfügbare Sprachen: Deutsch"
companion patella powered by medi - proved by Dt. Kniegesellschaft,"PrehApp GmbH, Deutschland",prehapp.de,vorläufig aufgenommen,04.10.2021,03.03.2023,"companion patella powered by medi - proved by Dt. Kniegesellschaft ist eine Digitale Gesundheitsanwendung für Patientinnen und Patienten mit Vorderem Knieschmerz im Alter von 14- 65 Jahren. Basierend auf persönlichen Angaben des Anwenders zu Schmerz- und Belastungsempfinden, wird der bewegungstherapeutische Trainingsplan im Verlauf der Therapie kontinuierlich an die individuellen Bedürfnisse des Nutzers angepasst. Den Patienten steht neben dem Trainingsbereich eine Fachbibliothek mit Beiträgen zu ihrem Erkrankungsbild zur Verfügung, die diese edukativ unterstützt. Daten zu Schmerz und Funktionseinschränkungen werden innerhalb der Anwendung regelmäßig erfasst und für die Patienten und deren behandelnde Ärzte graphisch aufbereitet. Die Therapie wurde in Zusammenarbeit mit den Fachspezialisten des Komitees Patellofemoral der Deutschen Kniegesellschaft entwickelt und validiert. Die Anwendungsdauer beträgt 90 Tage.","M22.2, M22.4, M76.5, M79.66, S83.0","Krankheiten im Patellofemoralbereich, Chondromalacia patellae, Tendinitis der Patellarsehne, Schmerzen in den Extremitäten: Unterschenkel Fibula, Tibia, Kniegelenk, Luxation der Patella",345.10,"Keine Zusatzgeräte, Vertragsärztliche Leistungen erforderlich, Verfügbare Sprachen: Deutsch"
deprexis,"GAIA AG, Deutschland",gaia-group.com/de/,Dauerhaft aufgenommen,,,"deprexis ist ein interaktives onlinebasiertes Selbsthilfeprogramm zur Therapieunterstützung von Patienten mit Depressionen und depressiven Verstimmungen, die mindestens 18 Jahre alt sind. Das Programm soll in Ergänzung zu einer sonst üblichen Behandlung (zum Beispiel beim Haus-, Facharzt oder Psychotherapeuten) eingesetzt werden. deprexis basiert auf etablierten psychotherapeutischen Ansätzen und Verfahren insbesondere der kognitiven Verhaltenstherapie (KVT). Die Wirksamkeit von deprexis wurde in mehreren klinischen Studien untersucht. In diesen Studien zeigte sich, dass Patienten, die zusätzlich zu einer üblichen medizinischen Versorgung deprexis nutzten, deutlich weniger depressive Beschwerden hatten als Patienten, die nur eine übliche medizinische Versorgung erhielten. Die Verordnungsdauer von deprexis beträgt 90 Tage.","F32.0, F32.1, F32.2, F33.0, F33.1, F33.2","Leichte depressive Episode, Mittelgradige depressive Episode, Schwere depressive Episode ohne psychotische Symptome, Rezidivierende depressive Störung, gegenwärtig leichte Episode, Rezidivierende depressive Störung, gegenwärtig mittelgradige Episode, Rezidivierende depressive Störung, gegenwärtig schwere Episode ohne psychotische Symptome",210.00,"Keine Zusatzgeräte, Keine vertragsärztlichen Leistungen erforderlich, Verfügbare Sprachen: Deutsch und 8 weitere"
edupression.com®,"SOFY GmbH, Österreich",edupression.com/,vorläufig aufgenommen,26.12.2022,25.08.2023,"Die DiGA edupression.com® besteht aus dem Medizinprodukte System, edupression.com® System, mit den Medizinprodukten edupression.com® Psychoedukation und edupression.com® Stimmungsdiagramm. Das System ist eine webbasierte Software, die plattformunabhängig mittels gängiger Browser mit Internetverbindung ab- und aufgerufen werden kann (Software-as-a-Service).Die Anwendung leitet Patientinnen und Patienten entlang des “Activity Feeds” durch das Programm und spielt täglich multimedial aufbereitete Informationen und Übungen aus der Psychodedukation zur Selbsthilfe aus. Außerdem enthält sie Elemente der computerbasierten kognitiven Verhaltenstherapie. Wöchentlich können von Patientinnen und Patienten sogenannte Wochenziele bestimmt werden, für die im Laufe der Woche vertiefende Informationen und Empfehlungen für Patientinnen und Patienten angezeigt werden. Patientinnen und Patienten werden täglich erinnert, das Stimmungsdiagramm in Form einer kurzen Umfrage mit Ja/Nein Fragen, auszufüllen und so ihre Stimmung aufzuzeichnen. Berichte geben den Verlauf der Eingaben über die Zeit wieder, so wird Patienten das Stimmungsdiagramm visualisiert oder Ergebnisse aus dem PHQ-9 Fragebogen. Die Berichte können interaktiv angezeigt werden oder sind als portables Datenformat verfügbar. Durch spielerische Elemente werden die Patientinnen und Patienten ermuntert und “belohnt”, der Gesundheitsanwendung weiter zu folgen (Aktivitätspunkte, Abzeichen, Zeugnisse, Summe der Zeit im Programm usw. als Gamification). Eddy, der Therapie-Avatar, begleitet optisch in der Anwendung die Patientinnen und Patienten auf ihrem Weg. In Videos lernen Patientinnen und Patienten Alice kennen, die an einer Depression leidet und durchleben mit ihr den Weg zur Genesung. Zu jedem Kapitel gibt es Booklets im portablen Datenformat (pdf) zum Download zum Nachlesen.","F32.0, F32.1, F33.0, F33.1","Leichte depressive Episode, Mittelgradige depressive Episode, Rezidivierende depressive Störung, gegenwärtig leichte Episode, Rezidivierende depressive Störung, gegenwärtig mittelgradige Episode",178.50 - 357.00,"Keine Zusatzgeräte, Keine vertragsärztlichen Leistungen erforderlich, Verfügbare Sprachen: Deutsch und 1 weitere"
elevida,"GAIA AG, Deutschland",gaia-group.com/de/,Dauerhaft aufgenommen,,,"elevida ist eine digitale Gesundheitsanwendung für Menschen mit einer Multiplen Sklerose, bei denen zusätzlich eine Fatigue vorliegt und die mindestens 18 Jahre alt sind. Von einer Fatigue spricht man dann, wenn eine anhaltende Müdigkeit oder Erschöpfung besteht.elevida verfolgt das Ziel, die Fatigue zu reduzieren. Das Programm soll in Ergänzung zu einer sonst üblichen Behandlung (zum Beispiel beim Haus- oder Facharzt) eingesetzt werden.elevida basiert auf etablierten psychotherapeutischen Ansätzen und Verfahren insbesondere der kognitiven Verhaltenstherapie (KVT).elevida ist zur Eigenanwendung durch den Patienten für 180 Tage bestimmt. Die Wirksamkeit von elevida wurde in einer klinischen Studie untersucht und in einer wissenschaftlichen Fachzeitschrift veröffentlicht. An dieser Studie nahmen 275 Patienten teil, die an einer Multiplen Sklerose und zusätzlich auch an einer Fatigue litten. In dieser Studie zeigte sich, dass bei Patienten, die zusätzlich zu einer sonst üblichen Behandlung elevida nutzten, die Fatigue deutlich stärker abgenommen hatte als bei Patienten, die nur eine sonst übliche Behandlung erhielten. Die Verordnungsdauer von elevida beträgt 90 Tage. Zur Stabilisierung der Effekte ist eine Nutzung für 180 Tage empfohlen.",G35,Multiple Sklerose Encephalomyelitis disseminata,243.00,"Keine Zusatzgeräte, Keine vertragsärztlichen Leistungen erforderlich, Verfügbare Sprachen: Deutsch und 1 weitere"
elona therapy Depression,"Elona Health GmbH, Deutschland",www.elona.health,vorläufig aufgenommen,26.12.2022,25.12.2023,"elona therapy Depression ist die digitale Gesundheitsanwendung für eine verzahnte ambulante Psychotherapie, die digitale Interventionen und die reguläre Gesprächstherapie intelligent verbindet und so die Behandlung der unipolaren Depression unterstützt. Patientinnen und Patienten stehen mit elona therapy Interventionen, hilfreiche Aktivitäten, Übungen und psychoedukative Inhalte auch über die Therapiesitzung hinaus zur Verfügung, sodass Patientinnen und Patienten zwischen den Therapiesitzungen einen einfachen Zugang zu zugeschnittenen psychotherapeutischen Ressourcen haben.-elona therapy Depression ermittelt auf Basis des Therapiefortschrittes der Patientinnen und Patienten einen wöchentlichen Therapieplan. Anhand von psychometrischen Fragebögen und Übungen sowie deren Auswertung werden die Inhalte auf die Bedürfnisse der Betroffenen individualisiert. Zusätzlich können Leistungserbringende das Erlebnis in elona therapy weiter auf den Therapiefortschritt ihrer Patientinnen und Patienten anpassen und zusätzliche Ressourcen freischalten, um eine bestmögliche Verzahnung, aber auch die Sicherheit ihrer Patientinnen und Patienten zu gewährleisten. Übungen können gezielt der Wiederholung von Inhalten, der Vertiefung des Wissens oder der Umsetzung von konkreten Aufgaben im Alltag dienen. Durch die Verzahnung kann die Psychotherapie intensiviert und die Übertragung der Therapieinhalte in den Alltag gesteigert werden, um so Fortschritte in der Behandlung der Depression über die Regelversorgung hinaus zu erzielen.-Versorgungspfad: Therapiebegleitung","F32.0, F32.1, F32.2, F33.0, F33.1, F33.2, F34.1","Leichte depressive Episode, Mittelgradige depressive Episode, Schwere depressive Episode ohne psychotische Symptome, Rezidivierende depressive Störung, gegenwärtig leichte Episode, Rezidivierende depressive Störung, gegenwärtig mittelgradige Episode, Rezidivierende depressive Störung, gegenwärtig schwere Episode ohne psychotische Symptome, Dysthymia",535.49,"Keine Zusatzgeräte, Vertragsärztliche Leistungen erforderlich, Verfügbare Sprachen: Deutsch"
Endo-App,"Endo Health GmbH, Deutschland",diga.endometriose.app,vorläufig aufgenommen,09.10.2022,08.10.2023,"Die Endo-App ist ein digitales Medizinprodukt zur multimodalen Unterstützung von Endometriose-Betroffenen. Ziel des Programms ist es, die Nutzerinnen dabei zu unterstützen, im Rahmen des Selbstmanagements ihre Lebensqualität zu verbessern. Das Selbstmanagementkonzept beruht grundlegend auf einem Symptomtagebuch, in dem Nutzerinnen ihre Symptome, Aktivitäten, Übungen und ihre Behandlungen dokumentieren können, sowie auf multimodalen Inhalten. Als Teil der multimodalen Therapie werden wissensvermittelnde Elemente, validierte Fragebögen, geführte Übungen und Techniken aus dem Bereich Gynäkologie, Physiotherapie, Psychologie, Schmerztherapie, Rehabilitation, Sozialpädagogik, Ernährung, Ressourcenaktivierung sowie Resilienzstärkung zur Verfügung gestellt.",N80,Endometriose,598.95,"Keine Zusatzgeräte, Keine vertragsärztlichen Leistungen erforderlich, Verfügbare Sprachen: Deutsch"
HelloBetter Diabetes und Depression,"GET.ON Institut für Online Gesundheitstrainings GmbH, Deutschland",hellobetter.de/,Dauerhaft aufgenommen,,,"HelloBetter Diabetes und Depression ist ein interaktives psychologisches Therapieprogramm zur Reduktion der depressiven Symptomschwere bei Personen mit Diabetes Mellitus Typ 1 oder Typ 2. Anhand einer randomisiert kontrollierten Studie konnte gezeigt werden, dass mit der Teilnahme an diesem Online-Programm depressive Symptomatik wirksam reduziert werden kann. Der 12-wöchige Online-Kurs vermittelt neben fundierter Psychoedukation mittels Texten, Videos und Audios, wirksame Strategien aus der kognitiven Verhaltenstherapie (KVT), u.a. Verhaltensaktivierung und Problemlösetechniken. Darüber hinaus werden diabetesspezifische Themen wie die Gestaltung eines vertrauensvollen ärztlichen Gesprächs, Umgang und Auswirkungen von Diabetes auf die Partnerschaft, der Umgang mit Grübelgedanken rund um die Erkrankung thematisiert sowie diabetes-spezifische Themen wie z.B. Ernährung, Bewegung und gesunder Schlaf thematisiert. Alle Inhalte wurden dabei zielgruppenspezifisch für Betroffene mit Diabetes Mellitus Typ 1 oder Typ 2 angepasst.          Zusätzlich gibt es ein Online-Tagebuch, eine Begleit-App und wiederholte Symptom-Checks, um die eigenen Fortschritte festhalten, beobachten und auswerten zu können. Es wird in allen Angeboten großen Wert auf die Patientensicherheit gelegt. Daher steht Betroffenen jederzeit, insbesondere in Krisensituationen, ein persönlicher, geschulter Psychologe zur Seite. Zu jeder Einheit des Kurses erhalten Betroffene innerhalb von 24 Stunden eine schriftliche Rückmeldung des persönlichen Psychologen. Zusätzlich steht der persönliche Psychologe über eine Nachrichtenfunktion bei Fragen zur Anwendung zur Verfügung. HelloBetter Diabetes und Depression kann dabei zusätzlich zur Standardversorgung eingesetzt werden.","E10, E11","Diabetes mellitus, Typ 1, Diabetes mellitus, Typ 2",222.99,"Keine Zusatzgeräte, Keine vertragsärztlichen Leistungen erforderlich, Verfügbare Sprachen: Deutsch"
HelloBetter Panik,"GET.ON Institut für Online Gesundheitstrainings GmbH, Deutschland",hellobetter.de/,Dauerhaft aufgenommen,,,"HelloBetter Panik ist ein interaktives psychologisches Therapieprogramm zur Behandlung und Reduzierung der Symptomschwere einer Panikstörung und Agoraphobie mit Panikstörung. Anhand einer randomisiert kontrollierten Studie konnte der Nachweis eines positiven Versorgungseffekts für Patientinnen und Patienten mit psychotherapeutischer Vorerfahrung erbracht werden. Der 12-wöchige Online-Kurs vermittelt fundierte Psychoedukation in Texten, Videos und Audios sowie wirksame Strategien aus der kognitiven Verhaltenstherapie (KVT). Dazu gehören unter anderem wiederholte Konfrontationen mit inneren und äußeren angstauslösenden Reizen, kognitive Umstrukturierung, Entspannungsübungen und eine Rückfallprophylaxe. Darüber hinaus gibt es ein Online-Tagebuch, eine Begleit-App und mehrfache Symptom-Checks, um die eigenen Fortschritte festhalten, beobachten und auswerten zu können. Es wird in allen Angeboten großen Wert auf die Patientensicherheit gelegt.","F40.01, F41.0","Agoraphobie: Mit Panikstörung, Panikstörung episodisch paroxysmale Angst",599.00,"Keine Zusatzgeräte, Keine vertragsärztlichen Leistungen erforderlich, Verfügbare Sprachen: Deutsch"
HelloBetter ratiopharm chronischer Schmerz,"GET.ON Institut für Online Gesundheitstrainings GmbH, Deutschland",www.hellobetter.de,vorläufig aufgenommen,18.12.2021,17.07.2023,"HelloBetter ratiopharm chronischer Schmerz ist ein interaktives psychologisches Online-Programm zur anhaltenden Reduktion der Schmerzbeeinträchtigung bei Menschen mit chronischen Schmerzen. Neben fundierter Psychoedukation mittels Texten, Videos und Audios, erlernen Betroffene wirksame Strategien derAkzeptanz- und Commitment-Therapie (ACT), die eine Weiterentwicklung der kognitiven Verhaltenstherapie (KVT) darstellt. Diese Strategien können durch praktische Übungen in den Alltag übertragen werden.","F45.40, F45.41, M54, M79.7, R52.1, R52.2","Anhaltende somatoforme Schmerzstörung, Chronische Schmerzstörung mit somatischen und psychischen Faktoren, Rückenschmerzen, Fibromyalgie, Chronischer unbeeinflussbarer Schmerz, Sonstiger chronischer Schmerz",599.00,"Keine Zusatzgeräte, Keine vertragsärztlichen Leistungen erforderlich, Verfügbare Sprachen: Deutsch"
HelloBetter Schlafen,"GET.ON Institut für Online Gesundheitstrainings GmbH, Deutschland",hellobetter.de/,vorläufig aufgenommen,18.12.2022,17.12.2023,"HelloBetter Schlafen ist ein interaktives psychologisches Therapieprogramm zur Reduktion insomnischer Beschwerden. Das Online-Programm basiert auf der kognitiven Verhaltenstherapie für Insomnie (KVT-I) und wurde von Expertinnen und Experten aus der Wissenschaft, Psychologie und Psychotherapie sowie gemeinsam mit Betroffenen entwickelt. Neben fundierter Psychoedukation vermittelt das Online-Programm wirksame Strategien aus der kognitiven Verhaltenstherapie nach dem aktuellsten Stand wissenschaftlicher Erkenntnisse.Dazu gehören unter anderem Schlafhygiene, Bettzeitverkürzung, Stimuluskontrolle, kognitive Strategien, Entspannungsverfahren, eine Rückfallprophylaxe sowie ein fortlaufendes Online-Tagebuch.","F51.0, G47.0","Nichtorganische Insomnie, Ein- und Durchschlafstörungen",599.00,"Keine Zusatzgeräte, Keine vertragsärztlichen Leistungen erforderlich, Verfügbare Sprachen: Deutsch"
HelloBetter Stress und Burnout,"GET.ON Institut für Online Gesundheitstrainings GmbH, Deutschland",hellobetter.de/,Dauerhaft aufgenommen,,,"HelloBetter Stress und Burnout ist ein interaktives, psychologisches Therapieprogramm, das auf eine anhaltende Minderung der Stressbeanspruchung in Bezug auf Schwierigkeiten bei der Lebens- und Arbeitsbewältigung abzielt. Anhand einer randomisiert kontrollierten Studie konnte gezeigt werden, dass mit der Teilnahme an diesem Online-Programm die Stressbeanspruchung nachweislich reduziert wird sowie Verbesserungen in Bereichen der psychischen Gesundheit (Depression, Angst, Schlaf) und arbeitsbezogenen Gesundheit (emotionale Erschöpfung, Arbeitsengagement) erzielt werden. Der Online-Kurs besteht aus sieben wöchentlich zu absolvierenden Einheiten sowie einer vier Wochen nach Kursende angesetzten Auffrischungseinheit mit einer Bearbeitungsdauer von je 45-60 Minuten. Neben fundierter Psychoedukation mittels Texten, Videos und Audios, vermittelt das Online-Programm wirksame Strategien aus der kognitiven Verhaltenstherapie (KVT) nach dem aktuellsten Stand wissenschaftlicher Erkenntnisse. Dazu gehören unter anderem Problemlösetechniken, Verhaltensaktivierung sowie Emotionsregulationsstrategien. Zusätzlich gibt es ein Online-Tagebuch, eine Begleit-App und wiederholte Symptom-Checks, um die eigenen Fortschritte festhalten, beobachten und auswerten zu können. Es wird in allen Angeboten großen Wert auf die Patientensicherheit gelegt. Daher steht Betroffenen jederzeit, insbesondere in Krisensituationen, ein persönlicher, geschulter Psychologe zur Seite. Zu jeder Einheit des Kurses erhalten Betroffene innerhalb von 24 Stunden eine schriftliche Rückmeldung des persönlichen Psychologen. Zusätzlich steht der persönliche Psychologe über eine Nachrichtenfunktion bei Fragen zur Anwendung zur Verfügung.",Z73,Probleme mit Bezug auf Schwierigkeiten bei der Lebensbewältigung,235.00,"Keine Zusatzgeräte, Keine vertragsärztlichen Leistungen erforderlich, Verfügbare Sprachen: Deutsch"
HelloBetter Vaginismus Plus,"GET.ON Institut für Online Gesundheitstrainings GmbH, Deutschland",hellobetter.de/,Dauerhaft aufgenommen,,,HelloBetter Vaginismus Plus ist eine digitale Gesundheitsanwendung zur Verbesserung der vaginalen Penetrationsfähigkeit beim Geschlechtsverkehr. Betroffene erhalten wichtige Informationen zu ihren Symptomen und können mithilfe verschiedener Übungen Veränderungen im Denken und Handeln erproben sowie Erlerntes in den Alltag übertragen. Ein besonderer Schwerpunkt liegt dabei auf schrittweisen vaginalen Einführungsübungen und dem Aufbau von positiven sexuellen Erfahrungen. Zudem werden unter anderem belastende Gedanken und Gefühle hinterfragt und Entspannungs- sowie Beckenbodenübungen integriert.,"F52.5, F52.6","Nichtorganischer Vaginismus, Nichtorganische Dyspareunie",599.00,"Zusatzgeräte optional, Keine vertragsärztlichen Leistungen erforderlich, Verfügbare Sprachen: Deutsch"
Invirto- Die Therapie gegen Angst,"Sympatient GmbH, Deutschland",www.invirto.de,Dauerhaft aufgenommen,,,"Invirto ermöglicht Menschen mit einer Agoraphobie, Panikstörung oder sozialen Phobie eine Behandlung ihrer Angststörung von zu Hause aus. Patientinnen und Patienten lernen von Therapeutinnen oder Ärzten begleitet mit einer App und einer Virtual-Reality-Brille unter anderem: Ihre Angst besser zu verstehen, mit hoher Anspannung umzugehen, Angstgedanken zu bewältigen und angstbesetzte Situationen wieder aufzusuchen. Die Begleitung durch Psychotherapeutinnen oder Ärzte sichert eine hochqualitative Versorgung und unterstützt die Nutzerinnen und Nutzer. Invirto ermöglicht es, die Symptome der Angststörung zu reduzieren, Vermeidungsverhalten zu verringern und wieder mehr Bewegungsfreiheit im Alltag zurückzugewinnen. Invirto basiert auf einer kognitiven Verhaltenstherapie mit Expositionstraining, die von Fachgesellschaften für die Behandlung von Angststörungen empfohlen wird.","F40.00, F40.01, F40.1, F41.0","Agoraphobie: Ohne Angabe einer Panikstörung, Agoraphobie: Mit Panikstörung, Soziale Phobien, Panikstörung episodisch paroxysmale Angst",620.00,"Zusatzgeräte enthalten, Vertragsärztliche Leistungen erforderlich, Verfügbare Sprachen: Deutsch"
Kaia COPD: Meine aktive COPD Therapie,"kaia health software GmbH, Deutschland",kaiahealth.de/,vorläufig aufgenommen,26.12.2022,25.12.2023,"Kaia COPD ist eine gemeinsam mit Lungenfachärzten entwickelte digitale Anwendung für erwachsene Patientinnen und Patienten mit COPD. Sie vermittelt evidenzbasierte und leitlinienkonforme Inhalte der Pneumologischen Rehabilitation, um die körperliche Leistungsfähigkeit und die gesundheitsbezogene Lebensqualität zu verbessern. Kaia COPD setzt sich aus den Therapie-Elementen Bewegung, Patientenedukation sowie Entspannungs- und Atemtechniken zusammen. In der Anwendung können Patientinnen und Patienten ein individuelles Therapieprogramm durchlaufen und aktiv ihre Symptome lindern. Die Inhalte basieren auf den Empfehlungen der Nationalen VersorgungsLeitlinie COPD.-Kaia COPD ist eine nicht-medikamentöse Therapie und kann als Therapiebegleitung der medikamentösen Therapie eingesetzt werden. Dabei berücksichtigt Kaia COPD die individuellen Voraussetzungen der Patientin bzw. des Patienten wie die körperliche Leistungsfähigkeit und ermöglicht so eine fortlaufend an die Patientin bzw. den Patienten angepasste Therapie. Patientinnen und Patienten können Kaia COPD zeit- und ortsunabhängig nutzen.-Die Therapie mit Kaia COPD beruht auf den Erkenntnissen neuester Studien über die Entstehung und Behandlung der COPD. Die Wirksamkeit der Therapie konnte in mehreren bereits veröffentlichten klinischen Studien beobachtet und wissenschaftlich belegt werden.","J44.8, J44.9","Sonstige näher bezeichnete chronische obstruktive Lungenkrankheit, Chronische obstruktive Lungenkrankheit, nicht näher bezeichnet",415.00,"Keine Zusatzgeräte, Keine vertragsärztlichen Leistungen erforderlich, Verfügbare Sprachen: Deutsch und 1 weitere"
Kalmeda,"mynoise GmbH, Deutschland",www.kalmeda.de,Dauerhaft aufgenommen,,,"Diese DiGA bietet Patientinnen und Patienten (die das 18. Lebensjahr vollendet haben) mit chronischer Tinnitusbelastung eine leitlinienbasierte, verhaltenstherapeutische Therapie. Ergänzt wird das strukturierte Programm durch Entspannungsanleitungen, beruhigende Natur- und Hintergrundgeräusche sowie einen Wissensteil.  Das mehrmonatige verhaltenstherapeutische Programm besteht aus 5 Leveln mit jeweils 9 Etappen und zeigt Patienten schrittweise den Weg zu einem selbstbestimmten Umgang mit dem Tinnitus und zu einer Reduzierung der Tinnitusbelastung.",H93.1,Tinnitus aurium,189.00,"Keine Zusatzgeräte, Vertragsärztliche Leistungen erforderlich, Verfügbare Sprachen: Deutsch"
Kranus Edera,"Kranus Health GmbH, Deutschland",www.kranushealth.com,vorläufig aufgenommen,18.12.2021,17.04.2023,"Kranus Edera ist eine digitale Gesundheitsanwendung zur ganzheitlichen Behandlung von Erektionsstörungen und ihren Ursachen. Die alleinstehende Therapie unterstützt Männer mit erektiler Dysfunktion selbst aktiv an ihrer Behandlung teil zu haben und hilft Ärztinnen und Ärzten dabei die Empfehlungen der Leitlinien zur Behandlung von Erektionsstörungen umzusetzen und so die Therapieoptionen zu erweitern. Anwender der App absolvieren ein 12-Wochen Programm aus den Bausteinen Beckenbodentraining, physiotherapeutische Übungen, kardiovaskuläres Ausdauertraining sowie Achtsamkeits- und sexualtherapeutische Übungen. Patienten erhalten wöchentlich neue Übungen, die in ihrer Intensität und Komplexität fortlaufend angepasst werden. Ergänzt wird die Therapie durch Wissensvermittlung über die Erkrankung und hilfreiche Tipps, z.B. zur Ernährung und zu vorbeugenden Maßnahmen.",N48.4,Impotenz organischen Ursprungs,656.88,"Keine Zusatzgeräte, Keine vertragsärztlichen Leistungen erforderlich, Verfügbare Sprachen: Deutsch"
Mawendo,"Mawendo GmbH, Deutschland",diga.mawendo.com/,vorläufig aufgenommen,09.08.2021,08.08.2023,"Mawendo stellt Trainingsprogramme mit Übungsvideos, Gesundheitsinformationen und Dokumentationsmöglichkeiten bereit. Das Trainingsprogramm wird initial durch Ärztinnen und Ärzte ausgewählt und in Bezug auf das Krankheitsbild, die spezifischen Übungen sowie die Trainingsphasen für die Patientin oder den Patienten individualisiert. Im Anschluss können Patientinnen und Patienten mit Hilfe der DiGA die Behandlung von Erkrankungen der Kniescheibe (Patella) durch Eigentraining selbstständig unterstützen.",M22,Krankheiten der Patella,119.00,"Keine Zusatzgeräte, Vertragsärztliche Leistungen erforderlich, Verfügbare Sprachen: Deutsch"
Meine Tinnitus App - Das digitale Tinnitus Counseling,"Sonormed GmbH, Deutschland",www.sonormed.com/de/,vorläufig aufgenommen,06.03.2022,05.03.2023,"Meine Tinnitus App - Das digitale Tinnitus Counseling wird für Tinnitus-Patientinnen und Tinnitus-Patienten zur Erstversorgung eingesetzt. Die aktuell gültige S3 Leitlinie empfiehlt das Tinnitus Counseling als anerkannten Behandlungsweg: Durch die Anwendung konkreter Maßnahmen und etablierter Techniken können Patientinnen und Patienten ihre Tinnitus-Belastung verringern. Die behandelnde Ärztin oder der behandelnde Arzt verordnet die Smartphone-App Meine Tinnitus App - Das digitale Tinnitus Counseling als Erstanwendung nach einer eingehenden Untersuchung. Die App stellt Patientinnen und Patienten Psycho-Edukation und Anleitung zum Selbstmanagement durch umfassende tinnitusspezifische Multimedia-Inhalte bereit. Die Patientinnen und Patienten werden innerhalb von 10 Wochen in interaktiver, unterhaltsamer und individuell abgestimmter Weise durch verschiedene Lektionen geführt und schrittweise mit gezielten edukatorischen Inhalten und Übungen vertraut gemacht. Jede Lektion wird mit einer motivierenden Überprüfung abgeschlossen, um wenige Tage später die nächste Lektion starten zu können. Meine Tinnitus App - Das digitale Tinnitus Counseling steht den Patientinnen und Patientinnen und Patienten für 12 Monate zur Verfügung, entweder zur Wiederholung der Lektionen oder auch zur Festigung ihres Therapieerfolgs. Meine Tinnitus App - Das digitale Tinnitus Counseling ist eine alleinstehende Therapie für Tinnitus-Patientinnen und Tinnitus-Patienten, die an eine Erstberatung durch die behandelnde Ärztin oder den behandelnden Arzt anschließt.",H93.1,Tinnitus aurium,449.00,"Keine Zusatzgeräte, Keine vertragsärztlichen Leistungen erforderlich, Verfügbare Sprachen: Deutsch"
Mindable: Panikstörung und Agoraphobie,"Mindable Health GmbH, Deutschland",www.mindable.health,vorläufig aufgenommen,29.04.2021,28.04.2023,"Die App ""Mindable: Panikstörung und Agoraphobie"" richtet sich an Menschen ab 18 Jahren, die an den Symptomen einer Agoraphobie und/oder Panikstörung leiden. Das Behandlungsprogramm basiert auf S3-leitlinienkonformen Methoden der Kognitiven Verhaltenstherapie. Mindable unterstützt Nutzerinnen und Nutzer dabei ihre Ängste proaktiv anzugehen und zu reduzieren. Neben Psychoedukation liegt der Schwerpunkt des Behandlungsprogramms auf der Gewöhnung an Körpersymptome (Habituation durch gezielte Symptomprovokation), sowie in-vivo Konfrontation. Während der Konfrontationsübungen werden Angstverläufe live aufgezeichnet. Darüber hinaus können Nutzerinnen und Nutzer angstbezogene Symptome, Ereignisse und Verhalten regelmäßig erfassen und bei Bedarf mit ihren behandelnden Ärzten oder Therapeuten teilen. Mindable ist als iOS und Android App, sowie in deutscher, englischer und französischer Sprache verfügbar.","F40.0, F41.0","Agoraphobie, Panikstörung episodisch paroxysmale Angst",576.00,"Keine Zusatzgeräte, Keine vertragsärztlichen Leistungen erforderlich, Verfügbare Sprachen: Deutsch und 2 weitere"
neolexon Aphasie,"Limedix GmbH, Deutschland",neolexon.de/,vorläufig aufgenommen,06.02.2022,05.02.2023,"neolexon Aphasie bietet Menschen mit Aphasie und/oder Sprechapraxie ein logopädisches Training zum täglichen Üben zuhause als Ergänzung zur Sprachtherapie. Die Anwendung umfasst Übungen in allen sprachlichen Bereichen (Verstehen, Sprechen, Lesen und Schreiben), die von der behandelnden Sprachtherapeutin oder vom behandelnden Sprachtherapeuten individuell initial festgelegt und fortlaufend angepasst werden. Es können Wörter, Sätze oder Texte trainiert werden.","R47.0, R48.2","Dysphasie und Aphasie, Apraxie",487.90,"Keine Zusatzgeräte, Vertragsärztliche Leistungen erforderlich, Verfügbare Sprachen: Deutsch"
NichtraucherHelden-App,"NichtraucherHelden GmbH, Deutschland",www.nichtraucherhelden.de/,vorläufig aufgenommen,03.07.2021,02.07.2023,"Die App dient der Behandlung und Linderung einer diagnostizierten Tabakabhängigkeit. Durch ein kognitiv-verhaltenstherapeutisches Nichtrauchercoaching wird Patientinnen und Patienten geholfen, ihre Tabakabhängigkeit zu überwinden. Die App begleitet Patientinnen und Patienten über einen Zeitraum von 3 Monaten, um vor allem auch nach dem Rauchstopp weitere Unterstützungsmöglichkeiten anbieten zu können.",F17.2,Psychische und Verhaltensstörungen durch Tabak: Abhängigkeitssyndrom,119.00 - 329.00,"Keine Zusatzgeräte, Keine vertragsärztlichen Leistungen erforderlich, Verfügbare Sprachen: Deutsch"
Novego: Depressionen bewältigen,"IVPNetworks GmbH, Deutschland",www.ivpnetworks.de/,vorläufig aufgenommen,10.10.2021,09.10.2023,"Novego: Depressionen bewältigen ist ein psychologisches Online-Unterstützungsprogramm für Menschen, die unter Depressionen leiden. Novego wird bereits seit über zehn Jahren  zur Überbrückung von Wartezeiten, begleitend zu einer Therapie oder als Anschlussangebot zur Stabilisierung eingesetzt. Das Programm basiert auf den  Methoden der Kognitiven Verhaltenstherapie, die individuell auf die persönliche Lebenssituation der Teilnehmer und Teilnehmerinnen abgestimmt werden. Die Inhalte werden verständlich und kreativ aufbereitet und in Form von Texten, Videos, Audios und interaktiven Übungen abwechslungsreich dargestellt. Novego: Depressionen bewältigen steht den Teilnehmern und Teilnehmerinnen nach der regulären Programmlaufzeit von 12 Wochen für weitere 12 Monate zur Verfügung, sodass Inhalte gefestigt und dauerhaft in den Alltag integriert werden können. Während der selbständigen Bearbeitung können die Teilnehmer und Teilnehmerinnen bei Fragen direkt das Novego-Team einmal pro Woche per Nachricht kontaktieren. Für den Fall, dass eine akute Krise auftritt, steht ergänzend zu dem Programm eine 24h-Krisenhotline zur Verfügung. Die Wirksamkeit von Novego bei der Reduktion depressiver Symptome wurde bereits in drei Studien bei unterschiedlichen Patientengruppen untersucht. Eine weitere Studie befindet sich aktuell in der Durchführung.","F32.0, F32.1, F33.0, F33.1, F34.1","Leichte depressive Episode, Mittelgradige depressive Episode, Rezidivierende depressive Störung, gegenwärtig leichte Episode, Rezidivierende depressive Störung, gegenwärtig mittelgradige Episode, Dysthymia",249.00,"Keine Zusatzgeräte, Keine vertragsärztlichen Leistungen erforderlich, Verfügbare Sprachen: Deutsch"
optimune,"GAIA AG, Deutschland",gaia-group.com/de/,vorläufig aufgenommen,14.07.2022,13.07.2023,"Bei optimune handelt es sich um eine DiGA für Patientinnen mit Brustkrebs, die ihre Erstbehandlung abgeschlossen haben, sich belastet fühlen und mindestens 18 Jahre alt sind. optimune vermittelt insbesondere Methoden und Techniken der Kognitiven Verhaltenstherapie. In einer klinischen Studie (Holtdirk et al., 2021) hat sich gezeigt, dass optimune zusätzlich zu einer sonst üblichen Versorgung die Lebensqualität nach 12 Wochen stärker verbessert als die übliche Versorgung allein.-Im Versorgungspfad ist optimune wie folgt einzuordnen:- Tertiäre Prävention: Bei der Tertiärprävention handelt es sich um die “Verhütung der Verschlimmerung von Krankheiten und Behinderungen durch wirksame Therapie einer symptomatisch gewordenen Krankheit” (Definition Pschyrembel online). In der klinischen Studie wurden Patientinnen eingeschlossen, bei denen ein Brustkrebs diagnostiziert wurde und die ihre Ersttherapie abgeschlossen haben. Die systematische Datenauswertung erfolgte bei Patientinnen, die symptomatisch waren, d. h., bei denen die Lebensqualität vermindert war.-- Überbrückung: In der klinischen Studie wurde optimune ohne Berücksichtigung einer Psychotherapie (begleitend oder im Nachgang) evaluiert. Wie oben dargestellt, ergab sich eine stärkere Verbesserung der Lebensqualität in der Interventions- gegenüber der Kontrollgruppe.-- Therapiebegleitung: In der klinischen Studie wurde optimune als Ergänzung zu der sonst üblichen medizinischen Versorgung untersucht. Zudem sieht die Zweckbestimmung auch nur den ergänzenden Einsatz zu der sonst üblichen medizinischen Versorgung vor. optimune ist zur reinen Selbstanwendung durch die Patientin vorgesehen. Ärzte/Ärztinnen oder Psychotherapeuten/Psychotherapeutinnen müssen demnach keine zusätzlichen Leistungen erbringen (wie z. B. Coachings oder zusätzliche Telefonate), wenn sie optimune verordnen. Zudem ist optimune alleinstehend wirksam. Neben optimune können, müssen jedoch in keinem Fall, andere Behandlungen (wie z. B. Psychotherapie) eingesetzt werden.",C50,Bösartige Neubildung der Brustdrüse Mamma,952.00,"Keine Zusatzgeräte, Keine vertragsärztlichen Leistungen erforderlich, Verfügbare Sprachen: Deutsch"
Oviva Direkt für Adipositas,"Oviva AG (Zweigniederlassung Deutschland) , Deutschland",oviva.com/de/de/oviva-direkt/rechtliche-hinweise/,vorläufig aufgenommen,03.10.2021,02.07.2023,"Oviva Direkt für Adipositas ist die digitale Therapie zur Behandlung von starkem Übergewicht und unterstützt Menschen täglich dabei, ihre Gewohnheiten zu ändern und ihr Gewicht zu reduzieren. Die DiGA-App ist ein digitaler Helfer im Alltag von Patientinnen und Patienten und ermöglicht die gängige Behandlung zum Abnehmen (multimodale Adipositastherapie) auf dem Smartphone.",E66,Adipositas,426.96,"Keine Zusatzgeräte, Vertragsärztliche Leistungen erforderlich, Verfügbare Sprachen: Deutsch"
PINK! Coach,"PINK gegen Brustkrebs GmbH, Deutschland",www.pink-brustkrebs.de,vorläufig aufgenommen,27.06.2022,26.06.2023,"PINK! Coach ist eine digitale Anwendung, die zur Stärkung der gesundheitsbezogenen Lebensqualität und der Gesundheitskompetenz sowie einer Linderung der psychischen, psychosomatischen und somatischen Folgen einer Brustkrebserkrankung dient. Um eine langfristige, anhaltende Verbesserung der Lebensqualität und des Gesundheitszustandes zu erreichen, zielt PINK! Coach darauf ab, das gesundheitsrelevante Verhalten der Patientinnen und Patienten schrittweise aber nachhaltig zu verändern.PINK! Coach unterstützt Brustkrebspatientinnen und -patienten bei der Veränderung ihres Lebensstils hin zu mehr Bewegung, gesünderer Ernährung und Achtsamkeit gemäß den aktuellen Leitlinienempfehlungen. Über Coaching Module erhalten die Patientinnen und Patienten pseudoindividualisierte Informationen, praktische Tipps, Anleitungen und Übungen in den Bereichen Bewegung, Ernährung und mentale Gesundheit. PINK! Coach adressiert positive Bewältigungsstrategien und fördert den positiven, kompetenten und souveränen Umgang mit der plötzlich veränderten Lebenssituation.Mit Hilfe eines Chatbots können Patientinnen und Patienten darüber hinaus Fragen zu Beschwerden und Nebenwirkungen stellen und erhalten darauf zutreffende Informationen und Tipps zur Selbsthilfe (Hausmittel und Verhaltensweisen) mit dem Ziel, die Nebenwirkungen zu verbessern. PINK! Coach ist eine therapiebegleitende digitale Lösung für Brustkrebspatientinnen und -patienten vom Zeitpunkt der Diagnose bis zur letzten Nachsorge oder noch darüber hinaus.",C50,Bösartige Neubildung der Brustdrüse Mamma,535.50,"Keine Zusatzgeräte, Keine vertragsärztlichen Leistungen erforderlich, Verfügbare Sprachen: Deutsch"
re.flex,"Kineto Tech Rehab SRL, Rumänien",www.sporlastic.de/reflex,vorläufig aufgenommen,29.09.2022,28.09.2023,"Die Sporlastic Medizinische Produkte GmbH stellt mit der digitalen Gesundheitsanwendung re.flex Patientinnen und Patienten mit Gonarthrose eine angeleitete und kontrollierte Sport- und Bewegungstherapie zur Verfügung. Diese besteht aus einer App und zwei Bewegungssensoren. Ein detailliertes und indikationsspezifisches Trainingsprogramm bietet die Möglichkeit zum eigenständigen Training der Patientinnen und Patienten und zur Dokumentation der Trainingsaktivität. Mittels der Bewegungssensoren ist re.flex in der Lage, den Patientinnen und Patienten klare Instruktionen und unmittelbares Live-Feedback über korrekte und inkorrekte Ausführung der Übung zu geben, sowohl akustisch als auch visuell. Die physiotherapeutischen Übungen in der digitalen Gesundheitsanwendung re.flex setzen sich aus Moblisations-, Gleichgewichts-, Kräftigungs- und Dehnungs-Übungen zusammen. Das Übungsprogramm wurde gemeinsam von der Sporlastic Medizinische Produkte GmbH und der Sportmedizin des Universitätsklinikums Tübingen entwickelt und orientiert sich am aktuellen Stand der Wissenschaft sowie aktuellen studienbasierten Leitlinien.","M17.0, M17.1, M17.2, M17.3, M17.4, M17.5, M17.9","Primäre Gonarthrose, beidseitig, Sonstige primäre Gonarthrose, Posttraumatische Gonarthrose, beidseitig, Sonstige posttraumatische Gonarthrose, Sonstige sekundäre Gonarthrose, beidseitig, Sonstige sekundäre Gonarthrose, Gonarthrose, nicht näher bezeichnet",784.21,"Zusatzgeräte enthalten, Keine vertragsärztlichen Leistungen erforderlich, Verfügbare Sprachen: Deutsch und 1 weitere"
Selfapys Online-Kurs bei Depression,"Selfapy GmbH, Deutschland",www.selfapy.de,Dauerhaft aufgenommen,,,"Selfapy bietet Betroffenen mit einer Depression einen individuellen Online-Kurs, der auf evidenzbasierten Theorien und Techniken der Kognitiven Verhaltenstherapie basiert. Die therapeutischen Inhalte können über den internetbasierten Kurs vom Betroffenen selbstständig bearbeitet werden. Dieser ist in einzelne Lektionen aufgeteilt, welche sich jeweils mit einem Thema beschäftigen wie beispielsweise dem Umgang mit negativen Gedanken, der Erstellung einer positiven Tagesstruktur, Entspannungstechniken, Schlafproblemen, sowie Strategien zur Rückfallprävention. Die Inhalte werden mit Hilfe von Audio- und Videoclips, Texten und Übungen vermittelt. Die Inhalte passen sich dabei individuell an die persönliche Situation des Betroffenen an. Zur Wahrung der Patientensicherheit wird der Betroffene während des Kurses durchgehend von einem persönlichen Psychologen überwacht. Bei akutem Bedarf steht der Psychologe über eine Nachrichtenfunktion bei Fragen zur Anwendung zur Verfügung.","F32.0, F32.1, F33.0, F33.1","Leichte depressive Episode, Mittelgradige depressive Episode, Rezidivierende depressive Störung, gegenwärtig leichte Episode, Rezidivierende depressive Störung, gegenwärtig mittelgradige Episode",217.18,"Keine Zusatzgeräte, Keine vertragsärztlichen Leistungen erforderlich, Verfügbare Sprachen: Deutsch"
Selfapys Online-Kurs bei Generalisierter Angststörung,"Selfapy GmbH, Deutschland",www.selfapy.com,Dauerhaft aufgenommen,,,"Selfapy bietet weiblichen Patientinnen mit einer Generalisierten Angststörung einen individuellen Online-Kurs, der auf evidenzbasierten Theorien und Techniken der Kognitiven Verhaltenstherapie basiert. Die therapeutischen Inhalte können über den internetbasierten Kurs von der Betroffenen selbstständig bearbeitet werden. Der Kurs ist in einzelne Lektionen aufgeteilt, welche sich jeweils mit einem Thema beschäftigen wie beispielsweise dem Umgang der automatischen Gedanken, die hinter einer Angststörung stehen, den Angstreaktionen und körperlichen Symptomen, Expositionsübungen sowie Übungen zur Achtsamkeit. Die Inhalte werden mit Hilfe von anschaulichen Audio- und Videoclips, Texten und Übungen vermittelt. Die Inhalte passen sich individuell an die persönliche Situation der Betroffenen an. Zur Wahrung der Patientensicherheit erfolgt während des Kurses durchgehend eine Überwachung von einer persönlichen Psychologin oder einem persönlichen Psychologen. Bei akutem Bedarf steht dieser über eine Nachrichtenfunktion bei Fragen zur Verfügung.",F41.1,Generalisierte Angststörung,479.52,"Keine Zusatzgeräte, Keine vertragsärztlichen Leistungen erforderlich, Verfügbare Sprachen: Deutsch"
sinCephalea - Migräneprophylaxe,"Perfood GmbH, Deutschland",www.perfood.de/,vorläufig aufgenommen,10.10.2022,09.08.2023,"sinCephalea stellt eine leitliniengerechte Anfallsprophylaxe von Migräne dar. Über eine 12-wöchige Interventionsphase werden die Patientinnen und Patienten schrittweise an die Umsetzung von neuen ernährungsmedizischen Erkenntnissen aus der personalisierten Ernährung herangeführt, sowie über klassische konservative Maßnahmen, wie individuelle Hinweise zu Lebenstilveränderungen unterstützt.sinCephalea erstellt auf Basis individueller Blutzuckerreaktionen auf Nahrungsmittel und Mahlzeiten personalisierte Empfehlungen für eine niedrig-glykämische Ernährung, die in Form eines Ernährungsreports in der App zur Verfügung gestellt werden.Diese personalisierten Ernährungsempfehlungen werden in der App um Lektionen über Migräne und Ernährung sowie weitere bewährte Lebensstilregeln bei Migräne wie bspw. Stressreduktion und Schlafhygiene ergänzt.sinCephalea beinhaltet zudem ein Kopfschmerztagebuch und regelmäßige Migränefragebögen, über die Kopfschmerzen und Migränesymptome sowie die Beeinträchtigung im Alltag festgehalten werden können.","G43.0, G43.1","Migräne ohne Aura Gewöhnliche Migräne, Migräne mit Aura Klassische Migräne",690.00,"Keine Zusatzgeräte, Keine vertragsärztlichen Leistungen erforderlich, Verfügbare Sprachen: Deutsch"
somnio,"mementor DE GmbH, Deutschland",www.mementor.de,Dauerhaft aufgenommen,,,"somnio ist eine digitale Anwendung zur Behandlung von Ein- und Durchschlafstörungen (Insomnie). In der Anwendung werden evidenzbasierte und leitlinienkonforme Inhalte aus dem Bereich der kognitiven Verhaltenstherapie für Insomnie (KVT-I) vermittelt. Nutzer*innen lernen beispielsweise, ihre Schlafzeiten zu optimieren, einem individuell abgestimmten Schlaf-Wach-Rhythmus zu folgen, mit schlafhindernden Gedanken umzugehen oder sich mittels Entspannungstechniken in einen schlafförderlichen Zustand zu bringen. Die Wirksamkeit von somnio wurde in einer randomisierten kontrollierten Studie untersucht. Patient*innen, die somnio nutzten, zeigten im Vergleich zu einer Kontrollgruppe eine deutliche Reduktion der Insomnie-Symptome. somnio ist als Web-Anwendung direkt aus dem Browser aufrufbar sowie als App für Smartphones und Tablets mit den Betriebssystemen iOS und Android verfügbar.",F51.0,Nichtorganische Insomnie,224.99,"Zusatzgeräte optional, Vertragsärztliche Leistungen erforderlich, Verfügbare Sprachen: Deutsch und 2 weitere"
velibra,"GAIA AG, Deutschland",gaia-group.com/de/,Dauerhaft aufgenommen,,,"velibra ist ein webbasiertes Programm für Patienten mit einer generalisierten Angststörung, einer Panikstörung mit oder ohne Agoraphobie oder einer sozialen Angststörung. velibra vermittelt etablierte Methoden und Übungen der Kognitiven Verhaltenstherapie - einer sehr gut wissenschaftlich untersuchten Form der Psychotherapie. Das Programm ist als Ergänzung zu einer sonst üblichen Behandlung (zum Beispiel durch den Hausarzt) für Patienten vorgesehen, die mindestens 18 Jahre alt sind. velibra ist zur Eigenanwendung durch den Patienten für 180 Tage bestimmt. Die Wirksamkeit von velibra wurde in einer klinischen Studie untersucht und in einer sehr angesehenen wissenschaftlichen Fachzeitschrift veröffentlicht. An dieser Studie nahmen 139 Patienten teil, die an einer generalisierten Angststörung, einer Panikstörung mit oder ohne Agoraphobie oder einer sozialen Angststörung litten. In dieser Studie zeigte sich, dass Patienten, die zusätzlich zu einer hausärztlichen Behandlung velibra nutzten, deutlich geringere Angst- und depressive Beschwerden hatten als Patienten, die nur eine hausärztliche Behandlung erhielten. Die Verordnungsdauer von velibra beträgt 90 Tage. Zur Stabilisierung der Effekte ist eine Nutzung für 180 Tage empfohlen.","F40.01, F40.1, F41.0, F41.1","Agoraphobie: Mit Panikstörung, Soziale Phobien, Panikstörung episodisch paroxysmale Angst, Generalisierte Angststörung",230.00,"Keine Zusatzgeräte, Keine vertragsärztlichen Leistungen erforderlich, Verfügbare Sprachen: Deutsch und 1 weitere"
Vitadio,"Vitadio s.r.o., Tschechien",vitadio.de/,vorläufig aufgenommen,15.04.2022,14.04.2023,"Vitadio bei Diabetes Typ 2 ist eine DiGA, die darauf abzielt, die Diabeteskontrolle zu verbessern, indem sie die Nutzerinnen und Nutzer zu einem besseren Selbstmanagement und Lebensstil befähigt. Es ergänzt die von der Ärztin und dem Arzt festgelegte Therapie und unterstützt die Patientinnen und Patienten dabei, ihre Behandlungsziele zu erreichen und gesundheitliche Komplikationen im Zusammenhang mit Diabetes zu verhindern.Vitadio nutzt einen multimodalen Therapieansatz, um individuelle Unterstützung bei der Änderung des Lebensstils und dem Selbstmanagement zu bieten. Die Anwendung führt die Nutzerinnen und Nutzer mit Hilfe von täglichen Aufgaben und automatisierten Nachrichten durch das Programm. Die Aufgaben entwickeln sich je nach den Entscheidungen und Fortschritten der Nutzerinnen und Nutzer im Programm und konzentrieren sich auf die Etablierung einer Routine im Bereich des Selbstmanagements. Die Nutzerinnen und Nutzer folgen einem interaktiven Lehrgang, der Themen wie Motivation, Ernährung, körperliche Aktivität, Schlafhygiene, psychisches Wohlbefinden und soziale Aspekte des Lebens mit Diabetes abdeckt. Das Gelernte wird mit Hilfe von spielerischen persönlichen Zielen umgesetzt, die den Nutzerinnen und Nutzern helfen, wichtige Gewohnheiten in ihrem täglichen Leben zu integrieren.Das Programm wird durch menschliche Unterstützungsfunktionen ergänzt. Eine persönliche Beraterin oder ein persönlicher Berater steht im Chat zur Verfügung, um die Fragen der Nutzerinnen und Nutzer zur Bedienung des Programms zu beantworten. Außerdem können die Nutzerinnen und Nutzer einer Peer-Support-Gruppe beitreten, um Ermutigung und Erfahrungen mit anderen Teilnehmenden zu teilen.Vitadio bietet allen Patientinnen und Patienten mit Diabetes eine tertiäre Prävention, um gesundheitliche Komplikationen infolge eines unkontrollierten Diabetes zu vermeiden. Außerdem unterstützt es die Wirksamkeit der von der Ärztin/ dem Arzt festgelegten Therapie (Therapiebegleitung).",E11,"Diabetes mellitus, Typ 2",499.80,"Keine Zusatzgeräte, Keine vertragsärztlichen Leistungen erforderlich, Verfügbare Sprachen: Deutsch"
Vivira,"Vivira Health Lab GmbH, Deutschland",www.vivira.com,Dauerhaft aufgenommen,,,"Die DiGA Vivira ist eine durch das BfArM endgültig ins DiGA-Verzeichnis aufgenommene digitale Anwendung zur Behandlung von Rückenschmerzen bei nicht-spezifischen Kreuzschmerzen oder Arthrose der Wirbelsäule (Osteochondrose).Die bewegungstherapeutische DiGA Vivira bietet täglich vier      Übungen, die auf Basis der Rückmeldungen der Patient*innen fortlaufend ihre Intensität und Komplexität anpassen. Die täglichen Übungen werden durch wöchentliche Abfragen zur Gesundheit, die Visualisierung des Fortschritts, monatliche Bewegungstests und durch edukative Inhalte ergänzt. Vivira unterstützt die Umsetzung der in Leitlinien für nicht-spezifischen Kreuzschmerz vorgesehene Trainings-Elemente sowie die Umsetzung der Heilmittelrichtlinie.Die Wirksamkeit der DiGA Vivira wurde in einer randomisiert kontrollierten Studie (RCT-Studie) untersucht und belegt. Die Schmerzintensität von Patient*innen, die mit der DiGA Vivira trainierten, reduzierte sich statistisch signifikant und in klinisch relevantem Ausmaß. Die Veröffentlichung sämtlicher Studienergebnisse      ist für das Jahr 2022 geplant.","M42.0, M42.1, M42.9, M53.2, M53.8, M53.9, M54.4, M54.5, M54.6, M54.8, M54.9, M99.02, M99.03, M99.04, M99.82, M99.83, M99.84, M99.92, M99.93, M99.94","Juvenile Osteochondrose der Wirbelsäule, Osteochondrose der Wirbelsäule beim Erwachsenen, Osteochondrose der Wirbelsäule, nicht näher bezeichnet, Instabilität der Wirbelsäule, Sonstige näher bezeichnete Krankheiten der Wirbelsäule und des Rückens, Krankheit der Wirbelsäule und des Rückens, nicht näher bezeichnet, Lumboischialgie, Kreuzschmerz, Schmerzen im Bereich der Brustwirbelsäule, Sonstige Rückenschmerzen, Rückenschmerzen, nicht näher bezeichnet, Segmentale und somatische Funktionsstörungen: Thorakalbereich thorakolumbal, Segmentale und somatische Funktionsstörungen: Lumbalbereich lumbosakral, Segmentale und somatische Funktionsstörungen: Sakralbereich sakrokokzygeal, sakroiliakal, Sonstige biomechanische Funktionsstörungen: Thorakalbereich thorakolumbal, Sonstige biomechanische Funktionsstörungen: Lumbalbereich lumbosakral, Sonstige biomechanische Funktionsstörungen: Sakralbereich sakrokokzygeal, sakroiliakal, Biomechanische Funktionsstörung, nicht näher bezeichnet: Thorakalbereich thorakolumbal, Biomechanische Funktionsstörung, nicht näher bezeichnet: Lumbalbereich lumbosakral, Biomechanische Funktionsstörung, nicht näher bezeichnet: Sakralbereich sakrokokzygeal, sakroiliakal",239.96,"Keine Zusatzgeräte, Vertragsärztliche Leistungen erforderlich, Verfügbare Sprachen: Deutsch und 1 weitere"
vorvida,"GAIA AG, Deutschland",gaia-group.com/de/,Dauerhaft aufgenommen,,,"vorvida ist eine digitale Gesundheitsanwendung für Patienten mit schädlichem Alkoholkonsum oder Alkoholabhängigkeit, die mindestens 18 Jahre alt sind.vorvida verfolgt das Ziel, diese Patienten beim Management ihres gesundheitsschädlichen Trinkverhaltens zu unterstützen und die Trinkmenge zu reduzieren. Das Programm soll in Ergänzung zu einer sonst üblichen Behandlung (zum Beispiel beim Haus- oder Facharzt) eingesetzt werden.vorvida basiert auf etablierten psychotherapeutischen Ansätzen und Verfahren insbesondere der kognitiven Verhaltenstherapie (KVT).vorvida ist zur Eigenanwendung durch den Patienten für 180 Tage bestimmt. Die Wirksamkeit von vorvida wurde in einer klinischen Studie untersucht und in einer wissenschaftlichen Fachzeitschrift veröffentlicht. An dieser Studie nahmen 608 Patienten mit schädlichem oder gefährlichem Alkoholgebrauch (Abhängigkeitssyndrom) teil. In dieser Studie zeigte sich, dass bei Patienten, die zusätzlich zu einer sonst üblichen Behandlung vorvida nutzten, der Alkoholkonsum deutlich stärker abgenommen hatte als bei Patienten, die nur eine sonst übliche Behandlung erhielten. Die Verordnungsdauer von vorvida beträgt 90 Tage. Zur Stabilisierung der Effekte ist eine Nutzung für 180 Tage empfohlen.","F10.1, F10.2","Psychische und Verhaltensstörungen durch Alkohol: Schädlicher Gebrauch, Psychische und Verhaltensstörungen durch Alkohol: Abhängigkeitssyndrom",192.01,"Keine Zusatzgeräte, Keine vertragsärztlichen Leistungen erforderlich, Verfügbare Sprachen: Deutsch und 1 weitere"
zanadio,"aidhere GmbH, Deutschland",aidhere.de/,Dauerhaft aufgenommen,,,"zanadio ist eine Anwendung, die weiblichen Patientinnen durch eine Veränderung Ihrer Gewohnheiten in den Bereichen Bewegung, Ernährung sowie weitere Verhaltensweisen hilft, langfristig ihr Gewicht zu reduzieren. Die DiGA basiert dabei auf dem wissenschaftlichen Konzept der multimodalen, konservativen Adipositastherapie, welche die verschiedenen relevanten Bereiche adressiert und hierdurch eine langfristige, dauerhafte Gewichtsreduktion herbeiführt und die Lebensqualität bei weiblichen Patientinnen erhöht. Das Programm setzt diesen etablierten Behandlungsansatz digital um.","E66.00, E66.01","Adipositas durch übermäßige Kalorienzufuhr: Adipositas Grad I (WHO) bei Patienten von 18 Jahren und älter, Adipositas durch übermäßige Kalorienzufuhr: Adipositas Grad II (WHO) bei Patienten von 18 Jahren und älter",499.80,"Zusatzgeräte optional, Vertragsärztliche Leistungen erforderlich, Verfügbare Sprachen: Deutsch"
